knob,seed,metric,n_events,onpolicy_mean,v_true_pi0
2000,1000,ctr,95,0.0475,0.04967408156579895
2000,1000,cvr,18,0.009,0.00900742069857814
2000,1000,rev,18,0.010579178632703724,0.00814766840343161
2000,1001,ctr,91,0.0455,0.04967408156579895
2000,1001,cvr,20,0.01,0.00900742069857814
2000,1001,rev,20,0.010407821291850139,0.00814766840343161
2000,1002,ctr,85,0.0425,0.04967408156579895
2000,1002,cvr,12,0.006,0.00900742069857814
2000,1002,rev,12,0.004831997846791261,0.00814766840343161
2000,1003,ctr,97,0.0485,0.04967408156579895
2000,1003,cvr,19,0.0095,0.00900742069857814
2000,1003,rev,19,0.008012745602628659,0.00814766840343161
2000,1004,ctr,99,0.0495,0.04967408156579895
2000,1004,cvr,18,0.009,0.00900742069857814
2000,1004,rev,18,0.00869804269640681,0.00814766840343161
2000,1005,ctr,101,0.0505,0.04967408156579895
2000,1005,cvr,17,0.0085,0.00900742069857814
2000,1005,rev,17,0.008246763181222274,0.00814766840343161
2000,1006,ctr,90,0.045,0.04967408156579895
2000,1006,cvr,12,0.006,0.00900742069857814
2000,1006,rev,12,0.004117908595096455,0.00814766840343161
2000,1007,ctr,106,0.053,0.04967408156579895
2000,1007,cvr,16,0.008,0.00900742069857814
2000,1007,rev,16,0.005848599437675915,0.00814766840343161
2000,1008,ctr,103,0.0515,0.04967408156579895
2000,1008,cvr,13,0.0065,0.00900742069857814
2000,1008,rev,13,0.004817618036396551,0.00814766840343161
2000,1009,ctr,81,0.0405,0.04967408156579895
2000,1009,cvr,17,0.0085,0.00900742069857814
2000,1009,rev,17,0.007760133844756929,0.00814766840343161
2000,1010,ctr,95,0.0475,0.04967408156579895
2000,1010,cvr,13,0.0065,0.00900742069857814
2000,1010,rev,13,0.007064018700935051,0.00814766840343161
2000,1011,ctr,106,0.053,0.04967408156579895
2000,1011,cvr,30,0.015,0.00900742069857814
2000,1011,rev,30,0.0090084596773734,0.00814766840343161
2000,1012,ctr,109,0.0545,0.04967408156579895
2000,1012,cvr,25,0.0125,0.00900742069857814
2000,1012,rev,25,0.010258913187683233,0.00814766840343161
2000,1013,ctr,94,0.047,0.04967408156579895
2000,1013,cvr,19,0.0095,0.00900742069857814
2000,1013,rev,19,0.007860023775030513,0.00814766840343161
2000,1014,ctr,102,0.051,0.04967408156579895
2000,1014,cvr,18,0.009,0.00900742069857814
2000,1014,rev,18,0.008580483576934111,0.00814766840343161
2000,1015,ctr,87,0.0435,0.04967408156579895
2000,1015,cvr,17,0.0085,0.00900742069857814
2000,1015,rev,17,0.008885532185342243,0.00814766840343161
2000,1016,ctr,102,0.051,0.04967408156579895
2000,1016,cvr,16,0.008,0.00900742069857814
2000,1016,rev,16,0.004349181243705197,0.00814766840343161
2000,1017,ctr,87,0.0435,0.04967408156579895
2000,1017,cvr,14,0.007,0.00900742069857814
2000,1017,rev,14,0.005759119519590373,0.00814766840343161
2000,1018,ctr,118,0.059,0.04967408156579895
2000,1018,cvr,22,0.011,0.00900742069857814
2000,1018,rev,22,0.008326784257736872,0.00814766840343161
2000,1019,ctr,88,0.044,0.04967408156579895
2000,1019,cvr,16,0.008,0.00900742069857814
2000,1019,rev,16,0.008628932693362547,0.00814766840343161
2000,1020,ctr,105,0.0525,0.04967408156579895
2000,1020,cvr,19,0.0095,0.00900742069857814
2000,1020,rev,19,0.008439088132614795,0.00814766840343161
2000,1021,ctr,100,0.05,0.04967408156579895
2000,1021,cvr,17,0.0085,0.00900742069857814
2000,1021,rev,17,0.010838215329597431,0.00814766840343161
2000,1022,ctr,96,0.048,0.04967408156579895
2000,1022,cvr,11,0.0055,0.00900742069857814
2000,1022,rev,11,0.0064212129441237565,0.00814766840343161
2000,1023,ctr,106,0.053,0.04967408156579895
2000,1023,cvr,18,0.009,0.00900742069857814
2000,1023,rev,18,0.010268164827346769,0.00814766840343161
2000,1024,ctr,112,0.056,0.04967408156579895
2000,1024,cvr,21,0.0105,0.00900742069857814
2000,1024,rev,21,0.00885391248001355,0.00814766840343161
2000,1025,ctr,121,0.0605,0.04967408156579895
2000,1025,cvr,22,0.011,0.00900742069857814
2000,1025,rev,22,0.007512008758057711,0.00814766840343161
2000,1026,ctr,110,0.055,0.04967408156579895
2000,1026,cvr,16,0.008,0.00900742069857814
2000,1026,rev,16,0.0068838915894420365,0.00814766840343161
2000,1027,ctr,98,0.049,0.04967408156579895
2000,1027,cvr,17,0.0085,0.00900742069857814
2000,1027,rev,17,0.007999959080821137,0.00814766840343161
2000,1028,ctr,93,0.0465,0.04967408156579895
2000,1028,cvr,19,0.0095,0.00900742069857814
2000,1028,rev,19,0.008584968900250628,0.00814766840343161
2000,1029,ctr,119,0.0595,0.04967408156579895
2000,1029,cvr,32,0.016,0.00900742069857814
2000,1029,rev,32,0.016139822722854216,0.00814766840343161
2000,1030,ctr,89,0.0445,0.04967408156579895
2000,1030,cvr,15,0.0075,0.00900742069857814
2000,1030,rev,15,0.009143992316615777,0.00814766840343161
2000,1031,ctr,109,0.0545,0.04967408156579895
2000,1031,cvr,20,0.01,0.00900742069857814
2000,1031,rev,20,0.009282457755853327,0.00814766840343161
2000,1032,ctr,104,0.052,0.04967408156579895
2000,1032,cvr,21,0.0105,0.00900742069857814
2000,1032,rev,21,0.010322899964067758,0.00814766840343161
2000,1033,ctr,102,0.051,0.04967408156579895
2000,1033,cvr,15,0.0075,0.00900742069857814
2000,1033,rev,15,0.004829056257134226,0.00814766840343161
2000,1034,ctr,97,0.0485,0.04967408156579895
2000,1034,cvr,25,0.0125,0.00900742069857814
2000,1034,rev,25,0.010751575893415083,0.00814766840343161
2000,1035,ctr,112,0.056,0.04967408156579895
2000,1035,cvr,22,0.011,0.00900742069857814
2000,1035,rev,22,0.006965979858923331,0.00814766840343161
2000,1036,ctr,105,0.0525,0.04967408156579895
2000,1036,cvr,13,0.0065,0.00900742069857814
2000,1036,rev,13,0.0063248227457532976,0.00814766840343161
2000,1037,ctr,102,0.051,0.04967408156579895
2000,1037,cvr,22,0.011,0.00900742069857814
2000,1037,rev,22,0.011389184665276468,0.00814766840343161
2000,1038,ctr,92,0.046,0.04967408156579895
2000,1038,cvr,15,0.0075,0.00900742069857814
2000,1038,rev,15,0.005829904170815695,0.00814766840343161
2000,1039,ctr,88,0.044,0.04967408156579895
2000,1039,cvr,9,0.0045,0.00900742069857814
2000,1039,rev,9,0.006673988580727803,0.00814766840343161
10000,1000,ctr,475,0.0475,0.04967408156579895
10000,1000,cvr,89,0.0089,0.00900742069857814
10000,1000,rev,89,0.006467387635643055,0.00814766840343161
10000,1001,ctr,507,0.0507,0.04967408156579895
10000,1001,cvr,85,0.0085,0.00900742069857814
10000,1001,rev,85,0.007166573267515493,0.00814766840343161
10000,1002,ctr,488,0.0488,0.04967408156579895
10000,1002,cvr,104,0.0104,0.00900742069857814
10000,1002,rev,104,0.010690001986830075,0.00814766840343161
10000,1003,ctr,559,0.0559,0.04967408156579895
10000,1003,cvr,110,0.011,0.00900742069857814
10000,1003,rev,110,0.01067050917842016,0.00814766840343161
10000,1004,ctr,492,0.0492,0.04967408156579895
10000,1004,cvr,97,0.0097,0.00900742069857814
10000,1004,rev,97,0.009347906442562339,0.00814766840343161
10000,1005,ctr,499,0.0499,0.04967408156579895
10000,1005,cvr,90,0.009,0.00900742069857814
10000,1005,rev,90,0.008383773308664317,0.00814766840343161
10000,1006,ctr,503,0.0503,0.04967408156579895
10000,1006,cvr,98,0.0098,0.00900742069857814
10000,1006,rev,98,0.008846780009391033,0.00814766840343161
10000,1007,ctr,508,0.0508,0.04967408156579895
10000,1007,cvr,82,0.0082,0.00900742069857814
10000,1007,rev,82,0.006621339518325208,0.00814766840343161
10000,1008,ctr,495,0.0495,0.04967408156579895
10000,1008,cvr,88,0.0088,0.00900742069857814
10000,1008,rev,88,0.007898815345864063,0.00814766840343161
10000,1009,ctr,454,0.0454,0.04967408156579895
10000,1009,cvr,86,0.0086,0.00900742069857814
10000,1009,rev,86,0.007021748291998701,0.00814766840343161
10000,1010,ctr,495,0.0495,0.04967408156579895
10000,1010,cvr,75,0.0075,0.00900742069857814
10000,1010,rev,75,0.005389546824348367,0.00814766840343161
10000,1011,ctr,494,0.0494,0.04967408156579895
10000,1011,cvr,75,0.0075,0.00900742069857814
10000,1011,rev,75,0.006350454754126828,0.00814766840343161
10000,1012,ctr,483,0.0483,0.04967408156579895
10000,1012,cvr,88,0.0088,0.00900742069857814
10000,1012,rev,88,0.007616641473300981,0.00814766840343161
10000,1013,ctr,491,0.0491,0.04967408156579895
10000,1013,cvr,92,0.0092,0.00900742069857814
10000,1013,rev,92,0.008439869468528155,0.00814766840343161
10000,1014,ctr,482,0.0482,0.04967408156579895
10000,1014,cvr,91,0.0091,0.00900742069857814
10000,1014,rev,91,0.009254985555187006,0.00814766840343161
10000,1015,ctr,503,0.0503,0.04967408156579895
10000,1015,cvr,107,0.0107,0.00900742069857814
10000,1015,rev,107,0.010952622675065032,0.00814766840343161
10000,1016,ctr,491,0.0491,0.04967408156579895
10000,1016,cvr,78,0.0078,0.00900742069857814
10000,1016,rev,78,0.00731831637506537,0.00814766840343161
10000,1017,ctr,456,0.0456,0.04967408156579895
10000,1017,cvr,88,0.0088,0.00900742069857814
10000,1017,rev,88,0.007942112603118513,0.00814766840343161
10000,1018,ctr,513,0.0513,0.04967408156579895
10000,1018,cvr,87,0.0087,0.00900742069857814
10000,1018,rev,87,0.00646317495438904,0.00814766840343161
10000,1019,ctr,472,0.0472,0.04967408156579895
10000,1019,cvr,87,0.0087,0.00900742069857814
10000,1019,rev,87,0.007823895888154927,0.00814766840343161
10000,1020,ctr,526,0.0526,0.04967408156579895
10000,1020,cvr,95,0.0095,0.00900742069857814
10000,1020,rev,95,0.008699018999188096,0.00814766840343161
10000,1021,ctr,529,0.0529,0.04967408156579895
10000,1021,cvr,111,0.0111,0.00900742069857814
10000,1021,rev,111,0.010637604084510997,0.00814766840343161
10000,1022,ctr,496,0.0496,0.04967408156579895
10000,1022,cvr,72,0.0072,0.00900742069857814
10000,1022,rev,72,0.006242437264047259,0.00814766840343161
10000,1023,ctr,474,0.0474,0.04967408156579895
10000,1023,cvr,79,0.0079,0.00900742069857814
10000,1023,rev,79,0.007979793512196206,0.00814766840343161
10000,1024,ctr,486,0.0486,0.04967408156579895
10000,1024,cvr,89,0.0089,0.00900742069857814
10000,1024,rev,89,0.008134428367953245,0.00814766840343161
10000,1025,ctr,471,0.0471,0.04967408156579895
10000,1025,cvr,105,0.0105,0.00900742069857814
10000,1025,rev,105,0.009264787118001579,0.00814766840343161
10000,1026,ctr,477,0.0477,0.04967408156579895
10000,1026,cvr,75,0.0075,0.00900742069857814
10000,1026,rev,75,0.005574389222490476,0.00814766840343161
10000,1027,ctr,491,0.0491,0.04967408156579895
10000,1027,cvr,87,0.0087,0.00900742069857814
10000,1027,rev,87,0.008744729491618504,0.00814766840343161
10000,1028,ctr,483,0.0483,0.04967408156579895
10000,1028,cvr,92,0.0092,0.00900742069857814
10000,1028,rev,92,0.007921106246527788,0.00814766840343161
10000,1029,ctr,541,0.0541,0.04967408156579895
10000,1029,cvr,93,0.0093,0.00900742069857814
10000,1029,rev,93,0.0071751002657948395,0.00814766840343161
10000,1030,ctr,493,0.0493,0.04967408156579895
10000,1030,cvr,103,0.0103,0.00900742069857814
10000,1030,rev,103,0.008237498505093142,0.00814766840343161
10000,1031,ctr,499,0.0499,0.04967408156579895
10000,1031,cvr,84,0.0084,0.00900742069857814
10000,1031,rev,84,0.006774380349007385,0.00814766840343161
10000,1032,ctr,464,0.0464,0.04967408156579895
10000,1032,cvr,89,0.0089,0.00900742069857814
10000,1032,rev,89,0.007025148253311116,0.00814766840343161
10000,1033,ctr,491,0.0491,0.04967408156579895
10000,1033,cvr,88,0.0088,0.00900742069857814
10000,1033,rev,88,0.006592774506146951,0.00814766840343161
10000,1034,ctr,476,0.0476,0.04967408156579895
10000,1034,cvr,79,0.0079,0.00900742069857814
10000,1034,rev,79,0.006396222199491832,0.00814766840343161
10000,1035,ctr,478,0.0478,0.04967408156579895
10000,1035,cvr,91,0.0091,0.00900742069857814
10000,1035,rev,91,0.008172519197517374,0.00814766840343161
10000,1036,ctr,511,0.0511,0.04967408156579895
10000,1036,cvr,88,0.0088,0.00900742069857814
10000,1036,rev,88,0.008394299551505438,0.00814766840343161
10000,1037,ctr,472,0.0472,0.04967408156579895
10000,1037,cvr,87,0.0087,0.00900742069857814
10000,1037,rev,87,0.007016046385581324,0.00814766840343161
10000,1038,ctr,518,0.0518,0.04967408156579895
10000,1038,cvr,105,0.0105,0.00900742069857814
10000,1038,rev,105,0.008127439529783943,0.00814766840343161
10000,1039,ctr,511,0.0511,0.04967408156579895
10000,1039,cvr,91,0.0091,0.00900742069857814
10000,1039,rev,91,0.007730740368522361,0.00814766840343161
50000,1000,ctr,2475,0.0495,0.04967408156579895
50000,1000,cvr,419,0.00838,0.00900742069857814
50000,1000,rev,419,0.00795649887559262,0.00814766840343161
50000,1001,ctr,2490,0.0498,0.04967408156579895
50000,1001,cvr,444,0.00888,0.00900742069857814
50000,1001,rev,444,0.008788346692561374,0.00814766840343161
50000,1002,ctr,2493,0.04986,0.04967408156579895
50000,1002,cvr,427,0.00854,0.00900742069857814
50000,1002,rev,427,0.007399293443779816,0.00814766840343161
50000,1003,ctr,2526,0.05052,0.04967408156579895
50000,1003,cvr,464,0.00928,0.00900742069857814
50000,1003,rev,464,0.008353939633746768,0.00814766840343161
50000,1004,ctr,2479,0.04958,0.04967408156579895
50000,1004,cvr,423,0.00846,0.00900742069857814
50000,1004,rev,423,0.008020220396733058,0.00814766840343161
50000,1005,ctr,2464,0.04928,0.04967408156579895
50000,1005,cvr,460,0.0092,0.00900742069857814
50000,1005,rev,460,0.008408654093673572,0.00814766840343161
50000,1006,ctr,2494,0.04988,0.04967408156579895
50000,1006,cvr,434,0.00868,0.00900742069857814
50000,1006,rev,434,0.007929731142858994,0.00814766840343161
50000,1007,ctr,2502,0.05004,0.04967408156579895
50000,1007,cvr,461,0.00922,0.00900742069857814
50000,1007,rev,461,0.008121021111179436,0.00814766840343161
50000,1008,ctr,2472,0.04944,0.04967408156579895
50000,1008,cvr,411,0.00822,0.00900742069857814
50000,1008,rev,411,0.007587766506144782,0.00814766840343161
50000,1009,ctr,2417,0.04834,0.04967408156579895
50000,1009,cvr,434,0.00868,0.00900742069857814
50000,1009,rev,434,0.0077684588518875265,0.00814766840343161
50000,1010,ctr,2516,0.05032,0.04967408156579895
50000,1010,cvr,446,0.00892,0.00900742069857814
50000,1010,rev,446,0.007944014198473933,0.00814766840343161
50000,1011,ctr,2524,0.05048,0.04967408156579895
50000,1011,cvr,464,0.00928,0.00900742069857814
50000,1011,rev,464,0.008393672460919507,0.00814766840343161
50000,1012,ctr,2512,0.05024,0.04967408156579895
50000,1012,cvr,441,0.00882,0.00900742069857814
50000,1012,rev,441,0.007919979184375358,0.00814766840343161
50000,1013,ctr,2431,0.04862,0.04967408156579895
50000,1013,cvr,413,0.00826,0.00900742069857814
50000,1013,rev,413,0.007491917674718839,0.00814766840343161
50000,1014,ctr,2507,0.05014,0.04967408156579895
50000,1014,cvr,457,0.00914,0.00900742069857814
50000,1014,rev,457,0.008489609893886052,0.00814766840343161
50000,1015,ctr,2479,0.04958,0.04967408156579895
50000,1015,cvr,452,0.00904,0.00900742069857814
50000,1015,rev,452,0.008442159484094675,0.00814766840343161
50000,1016,ctr,2432,0.04864,0.04967408156579895
50000,1016,cvr,437,0.00874,0.00900742069857814
50000,1016,rev,437,0.007894202494356383,0.00814766840343161
50000,1017,ctr,2446,0.04892,0.04967408156579895
50000,1017,cvr,457,0.00914,0.00900742069857814
50000,1017,rev,457,0.00917832221548732,0.00814766840343161
50000,1018,ctr,2501,0.05002,0.04967408156579895
50000,1018,cvr,442,0.00884,0.00900742069857814
50000,1018,rev,442,0.007910275249397232,0.00814766840343161
50000,1019,ctr,2385,0.0477,0.04967408156579895
50000,1019,cvr,443,0.00886,0.00900742069857814
50000,1019,rev,443,0.007902337454292488,0.00814766840343161
50000,1020,ctr,2387,0.04774,0.04967408156579895
50000,1020,cvr,457,0.00914,0.00900742069857814
50000,1020,rev,457,0.007667121551210478,0.00814766840343161
50000,1021,ctr,2408,0.04816,0.04967408156579895
50000,1021,cvr,439,0.00878,0.00900742069857814
50000,1021,rev,439,0.008214168373497428,0.00814766840343161
50000,1022,ctr,2462,0.04924,0.04967408156579895
50000,1022,cvr,470,0.0094,0.00900742069857814
50000,1022,rev,470,0.00896644045123633,0.00814766840343161
50000,1023,ctr,2411,0.04822,0.04967408156579895
50000,1023,cvr,456,0.00912,0.00900742069857814
50000,1023,rev,456,0.008779916624883,0.00814766840343161
50000,1024,ctr,2447,0.04894,0.04967408156579895
50000,1024,cvr,417,0.00834,0.00900742069857814
50000,1024,rev,417,0.007710533974192333,0.00814766840343161
50000,1025,ctr,2544,0.05088,0.04967408156579895
50000,1025,cvr,456,0.00912,0.00900742069857814
50000,1025,rev,456,0.007980891846471725,0.00814766840343161
50000,1026,ctr,2432,0.04864,0.04967408156579895
50000,1026,cvr,439,0.00878,0.00900742069857814
50000,1026,rev,439,0.00785890114167321,0.00814766840343161
50000,1027,ctr,2444,0.04888,0.04967408156579895
50000,1027,cvr,419,0.00838,0.00900742069857814
50000,1027,rev,419,0.007477560683558495,0.00814766840343161
50000,1028,ctr,2489,0.04978,0.04967408156579895
50000,1028,cvr,477,0.00954,0.00900742069857814
50000,1028,rev,477,0.007952480295832773,0.00814766840343161
50000,1029,ctr,2479,0.04958,0.04967408156579895
50000,1029,cvr,436,0.00872,0.00900742069857814
50000,1029,rev,436,0.0077699226154846635,0.00814766840343161
50000,1030,ctr,2495,0.0499,0.04967408156579895
50000,1030,cvr,448,0.00896,0.00900742069857814
50000,1030,rev,448,0.008436394662576788,0.00814766840343161
50000,1031,ctr,2501,0.05002,0.04967408156579895
50000,1031,cvr,451,0.00902,0.00900742069857814
50000,1031,rev,451,0.008491730459568721,0.00814766840343161
50000,1032,ctr,2553,0.05106,0.04967408156579895
50000,1032,cvr,462,0.00924,0.00900742069857814
50000,1032,rev,462,0.008475354765427367,0.00814766840343161
50000,1033,ctr,2580,0.0516,0.04967408156579895
50000,1033,cvr,455,0.0091,0.00900742069857814
50000,1033,rev,455,0.008379681602123252,0.00814766840343161
50000,1034,ctr,2492,0.04984,0.04967408156579895
50000,1034,cvr,468,0.00936,0.00900742069857814
50000,1034,rev,468,0.008691026318114609,0.00814766840343161
50000,1035,ctr,2536,0.05072,0.04967408156579895
50000,1035,cvr,476,0.00952,0.00900742069857814
50000,1035,rev,476,0.008242186685751688,0.00814766840343161
50000,1036,ctr,2393,0.04786,0.04967408156579895
50000,1036,cvr,435,0.0087,0.00900742069857814
50000,1036,rev,435,0.00803063139735786,0.00814766840343161
50000,1037,ctr,2408,0.04816,0.04967408156579895
50000,1037,cvr,418,0.00836,0.00900742069857814
50000,1037,rev,418,0.007248430395166757,0.00814766840343161
50000,1038,ctr,2436,0.04872,0.04967408156579895
50000,1038,cvr,407,0.00814,0.00900742069857814
50000,1038,rev,407,0.00751792869668014,0.00814766840343161
50000,1039,ctr,2534,0.05068,0.04967408156579895
50000,1039,cvr,433,0.00866,0.00900742069857814
50000,1039,rev,433,0.008655821290166944,0.00814766840343161
