scenario,estimator,gate_form,seed,stat_ctr,stat_cvr,stat_rev,pass_ctr,pass_rev,pass_hhi,deploy_ope,deploy_full,true_pass_ctr,true_pass_rev,true_pass_hhi,true_deploy_ope,true_deploy_full,err_ctr,err_rev,err_hhi,err_ope,err_full,false_go_full,false_stop_full,ess_ratio_raw,max_weight_raw
s1_relevance,ips,comparative,1000,0.007910448025860543,0.0017325909335793293,0.0008453630969398572,True,True,True,True,True,True,True,True,True,True,False,False,False,False,False,False,False,0.6899596439401696,2.9207043152159793
s1_relevance,ips,absolute,1000,0.055410448025860544,0.01063259093357933,0.0073127507325829125,True,False,True,False,False,True,True,True,True,True,False,True,False,True,True,False,True,0.6899596439401696,2.9207043152159793
s1_relevance,snips,comparative,1000,0.008075722143107214,0.001764305026195439,0.0008671750198719456,True,True,True,True,True,True,True,True,True,True,False,False,False,False,False,False,False,0.6899596439401696,2.9207043152159793
s1_relevance,snips,absolute,1000,0.055575722143107215,0.010664305026195439,0.007334562655515001,True,False,True,False,False,True,True,True,True,True,False,True,False,True,True,False,True,0.6899596439401696,2.9207043152159793
s1_relevance,ips,comparative,1001,0.008592239843064599,0.002424704478735707,0.0013717837481241647,True,True,True,True,True,True,True,True,True,True,False,False,False,False,False,False,False,0.6948973267027351,2.92420872265976
s1_relevance,ips,absolute,1001,0.0592922398430646,0.010924704478735708,0.008538357015639658,True,True,True,True,True,True,True,True,True,True,False,False,False,False,False,False,False,0.6948973267027351,2.92420872265976
s1_relevance,snips,comparative,1001,0.008833984194310127,0.002469246321036676,0.0014065960537970792,True,True,True,True,True,True,True,True,True,True,False,False,False,False,False,False,False,0.6948973267027351,2.92420872265976
s1_relevance,snips,absolute,1001,0.05953398419431013,0.010969246321036677,0.008573169321312572,True,True,True,True,True,True,True,True,True,True,False,False,False,False,False,False,False,0.6948973267027351,2.92420872265976
s1_relevance,ips,comparative,1002,0.00949190577876053,0.002150881048503075,0.0026240394929664176,True,True,True,True,True,True,True,True,True,True,False,False,False,False,False,False,False,0.6980368188653567,2.889496023844355
s1_relevance,ips,absolute,1002,0.05829190577876053,0.012550881048503075,0.013314041479796493,True,True,True,True,True,True,True,True,True,True,False,False,False,False,False,False,False,0.6980368188653567,2.889496023844355
s1_relevance,snips,comparative,1002,0.009248526308533317,0.002098478802605285,0.002568450911350396,True,True,True,True,True,True,True,True,True,True,False,False,False,False,False,False,False,0.6980368188653567,2.889496023844355
s1_relevance,snips,absolute,1002,0.05804852630853332,0.012498478802605285,0.013258452898180471,True,True,True,True,True,True,True,True,True,True,False,False,False,False,False,False,False,0.6980368188653567,2.889496023844355
s1_relevance,ips,comparative,1003,0.011691089305343981,0.002741996761123579,0.0019708802720631215,True,True,True,True,True,True,True,True,True,True,False,False,False,False,False,False,False,0.7021550252443097,2.90632110539639
s1_relevance,ips,absolute,1003,0.06759108930534398,0.013741996761123578,0.012641389450483282,True,True,True,True,True,True,True,True,True,True,False,False,False,False,False,False,False,0.7021550252443097,2.90632110539639
s1_relevance,snips,comparative,1003,0.01088817654094603,0.0025787559446014945,0.0018207135407109134,True,True,True,True,True,True,True,True,True,True,False,False,False,False,False,False,False,0.7021550252443097,2.90632110539639
s1_relevance,snips,absolute,1003,0.06678817654094603,0.013578755944601494,0.012491222719131074,True,True,True,True,True,True,True,True,True,True,False,False,False,False,False,False,False,0.7021550252443097,2.90632110539639
s1_relevance,ips,comparative,1004,0.00897821866564285,0.0010706415254587154,0.0005891270275997524,True,True,True,True,True,True,True,True,True,True,False,False,False,False,False,False,False,0.6991729516291733,2.9150474807261744
s1_relevance,ips,absolute,1004,0.05817821866564285,0.010770641525458716,0.009937033470162091,True,True,True,True,True,True,True,True,True,True,False,False,False,False,False,False,False,0.6991729516291733,2.9150474807261744
s1_relevance,snips,comparative,1004,0.008602201556738992,0.00100102878068359,0.0005249020533356664,True,True,True,True,True,True,True,True,True,True,False,False,False,False,False,False,False,0.6991729516291733,2.9150474807261744
s1_relevance,snips,absolute,1004,0.05780220155673899,0.01070102878068359,0.009872808495898005,True,True,True,True,True,True,True,True,True,True,False,False,False,False,False,False,False,0.6991729516291733,2.9150474807261744
s1_relevance,ips,comparative,1005,0.008213555819988186,0.0011866516594662268,0.0010930965284248143,True,True,True,True,True,True,True,True,True,True,False,False,False,False,False,False,False,0.697380380787545,2.9117568914264633
s1_relevance,ips,absolute,1005,0.058113555819988186,0.010186651659466226,0.009476869837089131,True,True,True,True,True,True,True,True,True,True,False,False,False,False,False,False,False,0.697380380787545,2.9117568914264633
s1_relevance,snips,comparative,1005,0.008069797179612453,0.001161452389315176,0.0010696530838863703,True,True,True,True,True,True,True,True,True,True,False,False,False,False,False,False,False,0.697380380787545,2.9117568914264633
s1_relevance,snips,absolute,1005,0.05796979717961245,0.010161452389315175,0.009453426392550687,True,True,True,True,True,True,True,True,True,True,False,False,False,False,False,False,False,0.697380380787545,2.9117568914264633
s1_relevance,ips,comparative,1006,0.008698728023925628,0.0010377461373449904,0.0006757883035169599,True,True,True,True,True,True,True,True,True,True,False,False,False,False,False,False,False,0.6943322351622264,2.9193526901695157
s1_relevance,ips,absolute,1006,0.058998728023925626,0.01083774613734499,0.009522568312907993,True,True,True,True,True,True,True,True,True,True,False,False,False,False,False,False,False,0.6943322351622264,2.9193526901695157
s1_relevance,snips,comparative,1006,0.009025454488633969,0.001097764015686795,0.0007285229163472278,True,True,True,True,True,True,True,True,True,True,False,False,False,False,False,False,False,0.6943322351622264,2.9193526901695157
s1_relevance,snips,absolute,1006,0.059325454488633966,0.010897764015686795,0.009575302925738261,True,True,True,True,True,True,True,True,True,True,False,False,False,False,False,False,False,0.6943322351622264,2.9193526901695157
s1_relevance,ips,comparative,1007,0.008903693800583166,0.0013655535209779641,0.0009010635560016437,True,True,True,True,True,True,True,True,True,True,False,False,False,False,False,False,False,0.6955396197117121,2.9551293282482334
s1_relevance,ips,absolute,1007,0.059703693800583164,0.009565553520977965,0.0075224030743268515,True,False,True,False,False,True,True,True,True,True,False,True,False,True,True,False,True,0.6955396197117121,2.9551293282482334
s1_relevance,snips,comparative,1007,0.009805358384292306,0.0015100156184530093,0.001014669331536407,True,True,True,True,True,True,True,True,True,True,False,False,False,False,False,False,False,0.6955396197117121,2.9551293282482334
s1_relevance,snips,absolute,1007,0.060605358384292304,0.00971001561845301,0.007636008849861615,True,False,True,False,False,True,True,True,True,True,False,True,False,True,True,False,True,0.6955396197117121,2.9551293282482334
s1_relevance,ips,comparative,1008,0.009337686431894969,0.0019964395062022355,0.0010866659500655875,True,True,True,True,True,True,True,True,True,True,False,False,False,False,False,False,False,0.6940772380256717,2.917647004765371
s1_relevance,ips,absolute,1008,0.05883768643189497,0.010796439506202236,0.00898548129592965,True,True,True,True,True,True,True,True,True,True,False,False,False,False,False,False,False,0.6940772380256717,2.917647004765371
s1_relevance,snips,comparative,1008,0.010155527103477738,0.002146509433691237,0.001211563655995335,True,True,True,True,True,True,True,True,True,True,False,False,False,False,False,False,False,0.6940772380256717,2.917647004765371
s1_relevance,snips,absolute,1008,0.05965552710347774,0.010946509433691238,0.009110379001859398,True,True,True,True,True,True,True,True,True,True,False,False,False,False,False,False,False,0.6940772380256717,2.917647004765371
s1_relevance,ips,comparative,1009,0.006782919559952444,0.001560913614185538,0.0010791861954093773,True,True,True,True,True,True,True,True,True,True,False,False,False,False,False,False,False,0.6927909638177469,2.890905959393467
s1_relevance,ips,absolute,1009,0.05218291955995245,0.010160913614185538,0.008100934487408078,True,True,True,True,True,True,True,True,True,True,False,False,False,False,False,False,False,0.6927909638177469,2.890905959393467
s1_relevance,snips,comparative,1009,0.00736739402536013,0.0016747208638140613,0.001169920661663047,True,True,True,True,True,True,True,True,True,True,False,False,False,False,False,False,False,0.6927909638177469,2.890905959393467
s1_relevance,snips,absolute,1009,0.05276739402536013,0.010274720863814061,0.008191668953661748,True,True,True,True,True,True,True,True,True,True,False,False,False,False,False,False,False,0.6927909638177469,2.890905959393467
s1_relevance,ips,comparative,1010,0.007794796468018318,0.0015711770870830127,0.0007174586646888055,True,True,True,True,True,True,True,True,True,True,False,False,False,False,False,False,False,0.6948692610655992,2.9125785340756085
s1_relevance,ips,absolute,1010,0.05729479646801832,0.009071177087083012,0.006107005489037172,True,False,True,False,False,True,True,True,True,True,False,True,False,True,True,False,True,0.6948692610655992,2.9125785340756085
s1_relevance,snips,comparative,1010,0.007953478180903126,0.0015963003095533675,0.0007343724186653685,True,True,True,True,True,True,True,True,True,True,False,False,False,False,False,False,False,0.6948692610655992,2.9125785340756085
s1_relevance,snips,absolute,1010,0.05745347818090313,0.009096300309553367,0.006123919243013735,True,False,True,False,False,True,True,True,True,True,False,True,False,True,True,False,True,0.6948692610655992,2.9125785340756085
s1_relevance,ips,comparative,1011,0.008152190364491503,0.0017760976622292878,0.0011254850943972555,True,True,True,True,True,True,True,True,True,True,False,False,False,False,False,False,False,0.6968184617443245,2.909405259254884
s1_relevance,ips,absolute,1011,0.0575521903644915,0.009276097662229288,0.0074759398485240835,True,False,True,False,False,True,True,True,True,True,False,True,False,True,True,False,True,0.6968184617443245,2.909405259254884
s1_relevance,snips,comparative,1011,0.009056726425795088,0.0019218882010518905,0.0012429829192810611,True,True,True,True,True,True,True,True,True,True,False,False,False,False,False,False,False,0.6968184617443245,2.909405259254884
s1_relevance,snips,absolute,1011,0.05845672642579509,0.00942188820105189,0.007593437673407889,True,False,True,False,False,True,True,True,True,True,False,True,False,True,True,False,True,0.6968184617443245,2.909405259254884
s1_relevance,ips,comparative,1012,0.01111505329073393,0.00200235950951338,0.0015564196938915057,True,True,True,True,True,True,True,True,True,True,False,False,False,False,False,False,False,0.7006783671357368,2.979950977655444
s1_relevance,ips,absolute,1012,0.05941505329073393,0.01080235950951338,0.009173061167192487,True,True,True,True,True,True,True,True,True,True,False,False,False,False,False,False,False,0.7006783671357368,2.979950977655444
s1_relevance,snips,comparative,1012,0.010516004509957898,0.0018934453550142945,0.0014639328441145372,True,True,True,True,True,True,True,True,True,True,False,False,False,False,False,False,False,0.7006783671357368,2.979950977655444
s1_relevance,snips,absolute,1012,0.0588160045099579,0.010693445355014295,0.009080574317415518,True,True,True,True,True,True,True,True,True,True,False,False,False,False,False,False,False,0.7006783671357368,2.979950977655444
s1_relevance,ips,comparative,1013,0.010676372962086497,0.0023232434795888678,0.001999229729480679,True,True,True,True,True,True,True,True,True,True,False,False,False,False,False,False,False,0.6976046751539686,2.8753493447265046
s1_relevance,ips,absolute,1013,0.059776372962086495,0.011523243479588868,0.010439099198008834,True,True,True,True,True,True,True,True,True,True,False,False,False,False,False,False,False,0.6976046751539686,2.8753493447265046
s1_relevance,snips,comparative,1013,0.010450922768860373,0.002279782872323305,0.00195985803771225,True,True,True,True,True,True,True,True,True,True,False,False,False,False,False,False,False,0.6976046751539686,2.8753493447265046
s1_relevance,snips,absolute,1013,0.05955092276886037,0.011479782872323305,0.010399727506240405,True,True,True,True,True,True,True,True,True,True,False,False,False,False,False,False,False,0.6976046751539686,2.8753493447265046
s1_relevance,ips,comparative,1014,0.006909317329990471,0.0011106521140003666,0.0012381828569838337,True,True,True,True,True,True,True,True,True,True,False,False,False,False,False,False,False,0.6900355294120846,2.926253780045963
s1_relevance,ips,absolute,1014,0.05510931732999047,0.010210652114000367,0.01049316841217084,True,True,True,True,True,True,True,True,True,True,False,False,False,False,False,False,False,0.6900355294120846,2.926253780045963
s1_relevance,snips,comparative,1014,0.007496030213661034,0.0012193582536553001,0.0013498967630204677,True,True,True,True,True,True,True,True,True,True,False,False,False,False,False,False,False,0.6900355294120846,2.926253780045963
s1_relevance,snips,absolute,1014,0.055696030213661034,0.0103193582536553,0.010604882318207474,True,True,True,True,True,True,True,True,True,True,False,False,False,False,False,False,False,0.6900355294120846,2.926253780045963
s1_relevance,ips,comparative,1015,0.007672727700588716,0.001053470763863527,0.0017747732410986258,True,True,True,True,True,True,True,True,True,True,False,False,False,False,False,False,False,0.6984740150772614,2.9085200224515755
s1_relevance,ips,absolute,1015,0.057972727700588714,0.011753470763863526,0.012727395916163658,True,True,True,True,True,True,True,True,True,True,False,False,False,False,False,False,False,0.6984740150772614,2.9085200224515755
s1_relevance,snips,comparative,1015,0.007485520276518116,0.0010155160725308018,0.0017336735188827352,True,True,True,True,True,True,True,True,True,True,False,False,False,False,False,False,False,0.6984740150772614,2.9085200224515755
s1_relevance,snips,absolute,1015,0.057785520276518114,0.011715516072530801,0.012686296193947767,True,True,True,True,True,True,True,True,True,True,False,False,False,False,False,False,False,0.6984740150772614,2.9085200224515755
s1_relevance,ips,comparative,1016,0.008029630024086853,0.0016487771681376329,0.0010526311469182753,True,True,True,True,True,True,True,True,True,True,False,False,False,False,False,False,False,0.6967586970799587,2.9055182640609303
s1_relevance,ips,absolute,1016,0.05712963002408685,0.009448777168137633,0.008370947521983646,True,True,True,True,True,True,True,True,True,True,False,False,False,False,False,False,False,0.6967586970799587,2.9055182640609303
s1_relevance,snips,comparative,1016,0.007922393429123514,0.0016310411056136634,0.0010369182513771035,True,True,True,True,True,True,True,True,True,True,False,False,False,False,False,False,False,0.6967586970799587,2.9055182640609303
s1_relevance,snips,absolute,1016,0.05702239342912351,0.009431041105613663,0.008355234626442474,True,True,True,True,True,True,True,True,True,True,False,False,False,False,False,False,False,0.6967586970799587,2.9055182640609303
s1_relevance,ips,comparative,1017,0.009437586229965593,0.0011493956533436527,0.001485509285383423,True,True,True,True,True,True,True,True,True,True,False,False,False,False,False,False,False,0.6919119602802626,2.9325754995843383
s1_relevance,ips,absolute,1017,0.055037586229965595,0.009949395653343653,0.009427621888501936,True,True,True,True,True,True,True,True,True,True,False,False,False,False,False,False,False,0.6919119602802626,2.9325754995843383
s1_relevance,snips,comparative,1017,0.009564714121326319,0.0011723771424743384,0.001507285561803389,True,True,True,True,True,True,True,True,True,True,False,False,False,False,False,False,False,0.6919119602802626,2.9325754995843383
s1_relevance,snips,absolute,1017,0.05516471412132632,0.009972377142474339,0.009449398164921902,True,True,True,True,True,True,True,True,True,True,False,False,False,False,False,False,False,0.6919119602802626,2.9325754995843383
s1_relevance,ips,comparative,1018,0.00911855648927426,0.0016136969753830308,0.0012801721972061902,True,True,True,True,True,True,True,True,True,True,False,False,False,False,False,False,False,0.7030514911070064,2.9094295479753463
s1_relevance,ips,absolute,1018,0.06041855648927426,0.01031369697538303,0.0077433471515952305,True,True,True,True,True,True,True,True,True,True,False,False,False,False,False,False,False,0.7030514911070064,2.9094295479753463
s1_relevance,snips,comparative,1018,0.008823817298902005,0.001563383779025736,0.0012423979105822183,True,True,True,True,True,True,True,True,True,True,False,False,False,False,False,False,False,0.7030514911070064,2.9094295479753463
s1_relevance,snips,absolute,1018,0.060123817298902,0.010263383779025735,0.007705572864971259,True,False,True,False,False,True,True,True,True,True,False,True,False,True,True,False,True,0.7030514911070064,2.9094295479753463
s1_relevance,ips,comparative,1019,0.009093405765350324,0.00201482104920038,0.001766826951520896,True,True,True,True,True,True,True,True,True,True,False,False,False,False,False,False,False,0.6953380983833118,2.909753765292501
s1_relevance,ips,absolute,1019,0.05629340576535032,0.01071482104920038,0.009590722839675823,True,True,True,True,True,True,True,True,True,True,False,False,False,False,False,False,False,0.6953380983833118,2.909753765292501
s1_relevance,snips,comparative,1019,0.009253877073214907,0.00204536497035639,0.0017941664918547096,True,True,True,True,True,True,True,True,True,True,False,False,False,False,False,False,False,0.6953380983833118,2.909753765292501
s1_relevance,snips,absolute,1019,0.056453877073214906,0.01074536497035639,0.009618062380009637,True,True,True,True,True,True,True,True,True,True,False,False,False,False,False,False,False,0.6953380983833118,2.909753765292501
s1_relevance,ips,comparative,1020,0.010599859849901631,0.001649964494882656,0.001492786688636923,True,True,True,True,True,True,True,True,True,True,False,False,False,False,False,False,False,0.6973024191004996,2.8972751630510603
s1_relevance,ips,absolute,1020,0.06319985984990163,0.011149964494882656,0.010191805687825019,True,True,True,True,True,True,True,True,True,True,False,False,False,False,False,False,False,0.6973024191004996,2.8972751630510603
s1_relevance,snips,comparative,1020,0.010522674131718375,0.0016363470909944305,0.001480339479996472,True,True,True,True,True,True,True,True,True,True,False,False,False,False,False,False,False,0.6973024191004996,2.8972751630510603
s1_relevance,snips,absolute,1020,0.06312267413171838,0.01113634709099443,0.010179358479184568,True,True,True,True,True,True,True,True,True,True,False,False,False,False,False,False,False,0.6973024191004996,2.8972751630510603
s1_relevance,ips,comparative,1021,0.009063349890289715,0.0017275302815864847,0.00047733717588212266,True,True,True,True,True,True,True,True,True,True,False,False,False,False,False,False,False,0.6974661297563484,2.9069782123525525
s1_relevance,ips,absolute,1021,0.06196334989028972,0.012827530281586485,0.01111494126039312,True,True,True,True,True,True,True,True,True,True,False,False,False,False,False,False,False,0.6974661297563484,2.9069782123525525
s1_relevance,snips,comparative,1021,0.009120567494357953,0.0017393753569435264,0.00048760082866082174,True,True,True,True,True,True,True,True,True,True,False,False,False,False,False,False,False,0.6974661297563484,2.9069782123525525
s1_relevance,snips,absolute,1021,0.062020567494357956,0.012839375356943527,0.011125204913171819,True,True,True,True,True,True,True,True,True,True,False,False,False,False,False,False,False,0.6974661297563484,2.9069782123525525
s1_relevance,ips,comparative,1022,0.008245257772372373,0.0015992076028003236,0.0007068495867097232,True,True,True,True,True,True,True,True,True,True,False,False,False,False,False,False,False,0.6917738161140415,2.9216814925081107
s1_relevance,ips,absolute,1022,0.05784525777237237,0.008799207602800323,0.006949286850756982,True,False,True,False,False,True,True,True,True,True,False,True,False,True,True,False,True,0.6917738161140415,2.9216814925081107
s1_relevance,snips,comparative,1022,0.008782548575420157,0.0016809383012388514,0.0007713974521085694,True,True,True,True,True,True,True,True,True,True,False,False,False,False,False,False,False,0.6917738161140415,2.9216814925081107
s1_relevance,snips,absolute,1022,0.058382548575420155,0.008880938301238851,0.007013834716155828,True,False,True,False,False,True,True,True,True,True,False,True,False,True,True,False,True,0.6917738161140415,2.9216814925081107
s1_relevance,ips,comparative,1023,0.008938551431479508,0.0013233170291637193,0.0011161183923623242,True,True,True,True,True,True,True,True,True,True,False,False,False,False,False,False,False,0.6997038086193729,2.9231279560194627
s1_relevance,ips,absolute,1023,0.056338551431479506,0.00922331702916372,0.00909591190455853,True,True,True,True,True,True,True,True,True,True,False,False,False,False,False,False,False,0.6997038086193729,2.9231279560194627
s1_relevance,snips,comparative,1023,0.0087705909756471,0.0012958198271032575,0.001089001019428817,True,True,True,True,True,True,True,True,True,True,False,False,False,False,False,False,False,0.6997038086193729,2.9231279560194627
s1_relevance,snips,absolute,1023,0.0561705909756471,0.009195819827103258,0.009068794531625023,True,True,True,True,True,True,True,True,True,True,False,False,False,False,False,False,False,0.6997038086193729,2.9231279560194627
s1_relevance,ips,comparative,1024,0.00945831260824987,0.0010962142871354507,0.0019387686781384104,True,True,True,True,True,True,True,True,True,True,False,False,False,False,False,False,False,0.6992309862887895,2.9221200002107155
s1_relevance,ips,absolute,1024,0.05805831260824987,0.00999621428713545,0.010073197046091656,True,True,True,True,True,True,True,True,True,True,False,False,False,False,False,False,False,0.6992309862887895,2.9221200002107155
s1_relevance,snips,comparative,1024,0.00927030721272884,0.0010638443794282314,0.0019061494835781023,True,True,True,True,True,True,True,True,True,True,False,False,False,False,False,False,False,0.6992309862887895,2.9221200002107155
s1_relevance,snips,absolute,1024,0.05787030721272884,0.009963844379428231,0.010040577851531347,True,True,True,True,True,True,True,True,True,True,False,False,False,False,False,False,False,0.6992309862887895,2.9221200002107155
s1_relevance,ips,comparative,1025,0.009803211890340773,0.002452981467503789,0.002124657943746819,True,True,True,True,True,True,True,True,True,True,False,False,False,False,False,False,False,0.6975488916661914,2.9265336650817306
s1_relevance,ips,absolute,1025,0.056903211890340775,0.01295298146750379,0.011389445061748398,True,True,True,True,True,True,True,True,True,True,False,False,False,False,False,False,False,0.6975488916661914,2.9265336650817306
s1_relevance,snips,comparative,1025,0.010092597545324919,0.0025188548497162844,0.002182579841467665,True,True,True,True,True,True,True,True,True,True,False,False,False,False,False,False,False,0.6975488916661914,2.9265336650817306
s1_relevance,snips,absolute,1025,0.05719259754532492,0.013018854849716285,0.011447366959469244,True,True,True,True,True,True,True,True,True,True,False,False,False,False,False,False,False,0.6975488916661914,2.9265336650817306
s1_relevance,ips,comparative,1026,0.00910528350214003,0.0011666085760965277,0.0006441330343521972,True,True,True,True,True,True,True,True,True,True,False,False,False,False,False,False,False,0.6937535901538562,2.9409264310062375
s1_relevance,ips,absolute,1026,0.05680528350214003,0.008666608576096527,0.006218522256842673,True,False,True,False,False,True,True,True,True,True,False,True,False,True,True,False,True,0.6937535901538562,2.9409264310062375
s1_relevance,snips,comparative,1026,0.009284221794314255,0.0011939086447158628,0.0006637215599942696,True,True,True,True,True,True,True,True,True,True,False,False,False,False,False,False,False,0.6937535901538562,2.9409264310062375
s1_relevance,snips,absolute,1026,0.056984221794314255,0.008693908644715862,0.006238110782484745,True,False,True,False,False,True,True,True,True,True,False,True,False,True,True,False,True,0.6937535901538562,2.9409264310062375
s1_relevance,ips,comparative,1027,0.007539171959972113,0.002020713886471459,0.0022725458986115974,True,True,True,True,True,True,True,True,True,True,False,False,False,False,False,False,False,0.7011363694933898,2.9194032858402963
s1_relevance,ips,absolute,1027,0.05663917195997211,0.010720713886471459,0.011017275390230102,True,True,True,True,True,True,True,True,True,True,False,False,False,False,False,False,False,0.7011363694933898,2.9194032858402963
s1_relevance,snips,comparative,1027,0.007285844824774769,0.0019727638963471412,0.002223269492977355,True,True,True,True,True,True,True,True,True,True,False,False,False,False,False,False,False,0.7011363694933898,2.9194032858402963
s1_relevance,snips,absolute,1027,0.05638584482477477,0.01067276389634714,0.01096799898459586,True,True,True,True,True,True,True,True,True,True,False,False,False,False,False,False,False,0.7011363694933898,2.9194032858402963
s1_relevance,ips,comparative,1028,0.0111758303031992,0.0020885694203503346,0.0018822790841459477,True,True,True,True,True,True,True,True,True,True,False,False,False,False,False,False,False,0.7046122886386562,2.9092183407719165
s1_relevance,ips,absolute,1028,0.0594758303031992,0.011288569420350334,0.009803385330673736,True,True,True,True,True,True,True,True,True,True,False,False,False,False,False,False,False,0.7046122886386562,2.9092183407719165
s1_relevance,snips,comparative,1028,0.010042976649082519,0.0018735527143640424,0.0016955511168699668,True,True,True,True,True,True,True,True,True,True,False,False,False,False,False,False,False,0.7046122886386562,2.9092183407719165
s1_relevance,snips,absolute,1028,0.05834297664908252,0.011073552714364042,0.009616657363397755,True,True,True,True,True,True,True,True,True,True,False,False,False,False,False,False,False,0.7046122886386562,2.9092183407719165
s1_relevance,ips,comparative,1029,0.009894089110322225,0.001215264520281657,0.0006261168598752313,True,True,True,True,True,True,True,True,True,True,False,False,False,False,False,False,False,0.6925878229251681,2.894213108495517
s1_relevance,ips,absolute,1029,0.06399408911032223,0.010515264520281656,0.007801217125670071,True,True,True,True,True,True,True,True,True,True,False,False,False,False,False,False,False,0.6925878229251681,2.894213108495517
s1_relevance,snips,comparative,1029,0.00994802364405798,0.001224126837050192,0.0006326917641217636,True,True,True,True,True,True,True,True,True,True,False,False,False,False,False,False,False,0.6925878229251681,2.894213108495517
s1_relevance,snips,absolute,1029,0.06404802364405798,0.010524126837050191,0.007807792029916603,True,True,True,True,True,True,True,True,True,True,False,False,False,False,False,False,False,0.6925878229251681,2.894213108495517
s1_relevance,ips,comparative,1030,0.009610525958456476,0.0023397037806696594,0.0014515356413477166,True,True,True,True,True,True,True,True,True,True,False,False,False,False,False,False,False,0.6995061955853707,2.9052707916238
s1_relevance,ips,absolute,1030,0.05891052595845647,0.01263970378066966,0.009689034146440859,True,True,True,True,True,True,True,True,True,True,False,False,False,False,False,False,False,0.6995061955853707,2.9052707916238
s1_relevance,snips,comparative,1030,0.009371205834249649,0.002288355818153412,0.0014121745795061431,True,True,True,True,True,True,True,True,True,True,False,False,False,False,False,False,False,0.6995061955853707,2.9052707916238
s1_relevance,snips,absolute,1030,0.058671205834249646,0.012588355818153412,0.009649673084599285,True,True,True,True,True,True,True,True,True,True,False,False,False,False,False,False,False,0.6995061955853707,2.9052707916238
s1_relevance,ips,comparative,1031,0.010655675173469492,0.0014364044125404936,0.0015520850712380076,True,True,True,True,True,True,True,True,True,True,False,False,False,False,False,False,False,0.7044084649848309,2.947116776912526
s1_relevance,ips,absolute,1031,0.06055567517346949,0.009836404412540493,0.008326465420245392,True,True,True,True,True,True,True,True,True,True,False,False,False,False,False,False,False,0.7044084649848309,2.947116776912526
s1_relevance,snips,comparative,1031,0.009718822225816659,0.001284226033853515,0.0014232668613817024,True,True,True,True,True,True,True,True,True,True,False,False,False,False,False,False,False,0.7044084649848309,2.947116776912526
s1_relevance,snips,absolute,1031,0.05961882222581666,0.009684226033853514,0.008197647210389087,True,True,True,True,True,True,True,True,True,True,False,False,False,False,False,False,False,0.7044084649848309,2.947116776912526
s1_relevance,ips,comparative,1032,0.009400550483252418,0.0022655656163061734,0.0013590523844762429,True,True,True,True,True,True,True,True,True,True,False,False,False,False,False,False,False,0.6960000567034851,2.8813999800284082
s1_relevance,ips,absolute,1032,0.055800550483252415,0.011165565616306173,0.008384200637787359,True,True,True,True,True,True,True,True,True,True,False,False,False,False,False,False,False,0.6960000567034851,2.8813999800284082
s1_relevance,snips,comparative,1032,0.009552232748163227,0.002295916898991099,0.001381843101255783,True,True,True,True,True,True,True,True,True,True,False,False,False,False,False,False,False,0.6960000567034851,2.8813999800284082
s1_relevance,snips,absolute,1032,0.05595223274816322,0.011195916898991099,0.0084069913545669,True,True,True,True,True,True,True,True,True,True,False,False,False,False,False,False,False,0.6960000567034851,2.8813999800284082
s1_relevance,ips,comparative,1033,0.007988794231842795,0.0015549317387867374,0.00079248112200814,True,True,True,True,True,True,True,True,True,True,False,False,False,False,False,False,False,0.6892833807194509,2.8943196439511274
s1_relevance,ips,absolute,1033,0.05708879423184279,0.010354931738786738,0.007385255628155091,True,False,True,False,False,True,True,True,True,True,False,True,False,True,True,False,True,0.6892833807194509,2.8943196439511274
s1_relevance,snips,comparative,1033,0.008543754766182236,0.0016555920965351974,0.000864273239266561,True,True,True,True,True,True,True,True,True,True,False,False,False,False,False,False,False,0.6892833807194509,2.8943196439511274
s1_relevance,snips,absolute,1033,0.057643754766182234,0.010455592096535198,0.007457047745413512,True,False,True,False,False,True,True,True,True,True,False,True,False,True,True,False,True,0.6892833807194509,2.8943196439511274
s1_relevance,ips,comparative,1034,0.008156862943863662,0.0015477920644652605,0.0008806181524520602,True,True,True,True,True,True,True,True,True,True,False,False,False,False,False,False,False,0.694471084990716,2.8613755369462552
s1_relevance,ips,absolute,1034,0.055756862943863665,0.009447792064465261,0.007276840351943892,True,False,True,False,False,True,True,True,True,True,False,True,False,True,True,False,True,0.694471084990716,2.8613755369462552
s1_relevance,snips,comparative,1034,0.008546860165602854,0.0016138756362835075,0.0009315167749795687,True,True,True,True,True,True,True,True,True,True,False,False,False,False,False,False,False,0.694471084990716,2.8613755369462552
s1_relevance,snips,absolute,1034,0.05614686016560286,0.009513875636283508,0.007327738974471401,True,False,True,False,False,True,True,True,True,True,False,True,False,True,True,False,True,0.694471084990716,2.8613755369462552
s1_relevance,ips,comparative,1035,0.007225000525358474,0.0009163184434151442,0.001817840573705017,True,True,True,True,True,True,True,True,True,True,False,False,False,False,False,False,False,0.6974480309539218,2.8961841606531173
s1_relevance,ips,absolute,1035,0.055025000525358476,0.010016318443415145,0.00999035977122239,True,True,True,True,True,True,True,True,True,True,False,False,False,False,False,False,False,0.6974480309539218,2.8961841606531173
s1_relevance,snips,comparative,1035,0.007510024328761682,0.0009682019354929714,0.0018695896025496036,True,True,True,True,True,True,True,True,True,True,False,False,False,False,False,False,False,0.6974480309539218,2.8961841606531173
s1_relevance,snips,absolute,1035,0.055310024328761684,0.010068201935492972,0.010042108800066977,True,True,True,True,True,True,True,True,True,True,False,False,False,False,False,False,False,0.6974480309539218,2.8961841606531173
s1_relevance,ips,comparative,1036,0.009363155268971073,0.003126455530685069,0.002263625827181653,True,True,True,True,True,True,True,True,True,True,False,False,False,False,False,False,False,0.697938670746285,2.924815710818269
s1_relevance,ips,absolute,1036,0.06046315526897107,0.01192645553068507,0.01065792537868709,True,True,True,True,True,True,True,True,True,True,False,False,False,False,False,False,False,0.697938670746285,2.924815710818269
s1_relevance,snips,comparative,1036,0.009307867620558442,0.003115549952283544,0.002253880195672289,True,True,True,True,True,True,True,True,True,True,False,False,False,False,False,False,False,0.697938670746285,2.924815710818269
s1_relevance,snips,absolute,1036,0.06040786762055844,0.011915549952283545,0.010648179747177727,True,True,True,True,True,True,True,True,True,True,False,False,False,False,False,False,False,0.697938670746285,2.924815710818269
s1_relevance,ips,comparative,1037,0.007666384077058629,0.0012027470667602229,0.0005906945799334529,True,True,True,True,True,True,True,True,True,True,False,False,False,False,False,False,False,0.69771477976547,2.914215275054102
s1_relevance,ips,absolute,1037,0.05486638407705863,0.009902747066760222,0.007606740965514777,True,False,True,False,False,True,True,True,True,True,False,True,False,True,True,False,True,0.69771477976547,2.914215275054102
s1_relevance,snips,comparative,1037,0.007521126055450411,0.0011765296757000818,0.0005705558344680142,True,True,True,True,True,True,True,True,True,True,False,False,False,False,False,False,False,0.69771477976547,2.914215275054102
s1_relevance,snips,absolute,1037,0.05472112605545041,0.009876529675700081,0.007586602220049339,True,False,True,False,False,True,True,True,True,True,False,True,False,True,True,False,True,0.69771477976547,2.914215275054102
s1_relevance,ips,comparative,1038,0.007201602201431061,0.002052487424204434,0.0010488091088455866,True,True,True,True,True,True,True,True,True,True,False,False,False,False,False,False,False,0.6981915306162945,2.906615070006301
s1_relevance,ips,absolute,1038,0.05900160220143106,0.012552487424204435,0.00917624863862953,True,True,True,True,True,True,True,True,True,True,False,False,False,False,False,False,False,0.6981915306162945,2.906615070006301
s1_relevance,snips,comparative,1038,0.007226580642165005,0.0020578015436773026,0.001052693891194334,True,True,True,True,True,True,True,True,True,True,False,False,False,False,False,False,False,0.6981915306162945,2.906615070006301
s1_relevance,snips,absolute,1038,0.059026580642165004,0.012557801543677303,0.009180133420978277,True,True,True,True,True,True,True,True,True,True,False,False,False,False,False,False,False,0.6981915306162945,2.906615070006301
s1_relevance,ips,comparative,1039,0.009230252034460526,0.0011332040045352234,0.00011588466649336323,True,True,True,True,True,True,True,True,True,True,False,False,False,False,False,False,False,0.6960831301392666,2.9306309764283056
s1_relevance,ips,absolute,1039,0.060330252034460526,0.010233204004535224,0.007846625035015724,True,True,True,True,True,True,True,True,True,True,False,False,False,False,False,False,False,0.6960831301392666,2.9306309764283056
s1_relevance,snips,comparative,1039,0.009449826090301892,0.0011704481073154423,0.0001444427319000968,True,True,True,True,True,True,True,True,True,True,False,False,False,False,False,False,False,0.6960831301392666,2.9306309764283056
s1_relevance,snips,absolute,1039,0.06054982609030189,0.010270448107315443,0.007875183100422458,True,True,True,True,True,True,True,True,True,True,False,False,False,False,False,False,False,0.6960831301392666,2.9306309764283056
s2_price_tilt,ips,comparative,1000,0.012169009051747753,0.0035775375688256103,-0.002739547138984345,True,False,False,False,False,True,False,False,False,False,False,False,False,False,False,False,False,0.4554119146680414,4.36871986955859
s2_price_tilt,ips,absolute,1000,0.059669009051747754,0.01247753756882561,0.0037278404966587103,True,False,False,False,False,True,False,False,False,False,False,False,False,False,False,False,False,0.4554119146680414,4.36871986955859
s2_price_tilt,snips,comparative,1000,0.012206970729642247,0.003585475831411696,-0.0027371754709706615,True,False,False,False,False,True,False,False,False,False,False,False,False,False,False,False,False,0.4554119146680414,4.36871986955859
s2_price_tilt,snips,absolute,1000,0.05970697072964225,0.012485475831411696,0.003730212164672394,True,False,False,False,False,True,False,False,False,False,False,False,False,False,False,False,False,0.4554119146680414,4.36871986955859
s2_price_tilt,ips,comparative,1001,0.004944870292319138,0.0033814799197109616,-0.002866702968411709,True,False,False,False,False,True,False,False,False,False,False,False,False,False,False,False,False,0.45226688025158657,4.421909493767332
s2_price_tilt,ips,absolute,1001,0.05564487029231914,0.011881479919710962,0.004299870299103784,True,False,False,False,False,True,False,False,False,False,False,False,False,False,False,False,False,0.45226688025158657,4.421909493767332
s2_price_tilt,snips,comparative,1001,0.006004628829154854,0.0036077631280104668,-0.002784811785400172,True,False,False,False,False,True,False,False,False,False,False,False,False,False,False,False,False,0.45226688025158657,4.421909493767332
s2_price_tilt,snips,absolute,1001,0.056704628829154856,0.012107763128010467,0.004381761482115321,True,False,False,False,False,True,False,False,False,False,False,False,False,False,False,False,False,0.45226688025158657,4.421909493767332
s2_price_tilt,ips,comparative,1002,0.004050033332769064,-0.0002184321931308717,-0.005350332756832342,True,False,False,False,False,True,False,False,False,False,False,False,False,False,False,False,False,0.4544859087925078,4.386602430750223
s2_price_tilt,ips,absolute,1002,0.05285003333276907,0.010181567806869128,0.0053396692299977335,True,False,False,False,False,True,False,False,False,False,False,False,False,False,False,False,False,0.4544859087925078,4.386602430750223
s2_price_tilt,snips,comparative,1002,0.004545077432538305,-0.000123061864081982,-0.005300316293637593,True,False,False,False,False,True,False,False,False,False,False,False,False,False,False,False,False,0.4544859087925078,4.386602430750223
s2_price_tilt,snips,absolute,1002,0.05334507743253831,0.010276938135918018,0.0053896856931924825,True,False,False,False,False,True,False,False,False,False,False,False,False,False,False,False,False,0.4544859087925078,4.386602430750223
s2_price_tilt,ips,comparative,1003,0.012553369381744013,0.0027574140161987035,-0.00492581466103766,True,False,False,False,False,True,False,False,False,False,False,False,False,False,False,False,False,0.4604678638669314,4.455203654866472
s2_price_tilt,ips,absolute,1003,0.06845336938174401,0.013757414016198703,0.0057446945173825,True,False,False,False,False,True,False,False,False,False,False,False,False,False,False,False,False,0.4604678638669314,4.455203654866472
s2_price_tilt,snips,comparative,1003,0.011316246282738106,0.002508783235628741,-0.005029635617527813,True,False,False,False,False,True,False,False,False,False,False,False,False,False,False,False,False,0.4604678638669314,4.455203654866472
s2_price_tilt,snips,absolute,1003,0.0672162462827381,0.01350878323562874,0.0056408735608923476,True,False,False,False,False,True,False,False,False,False,False,False,False,False,False,False,False,0.4604678638669314,4.455203654866472
s2_price_tilt,ips,comparative,1004,0.009960238316111064,0.0006548490876965522,-0.004648289119646809,True,False,False,False,False,True,False,False,False,False,False,False,False,False,False,False,False,0.46059555960833476,4.356137346493348
s2_price_tilt,ips,absolute,1004,0.059160238316111065,0.010354849087696552,0.00469961732291553,True,False,False,False,False,True,False,False,False,False,False,False,False,False,False,False,False,0.46059555960833476,4.356137346493348
s2_price_tilt,snips,comparative,1004,0.008989394481421428,0.0004849217567379476,-0.004725411772178629,True,False,False,False,False,True,False,False,False,False,False,False,False,False,False,False,False,0.46059555960833476,4.356137346493348
s2_price_tilt,snips,absolute,1004,0.05818939448142143,0.010184921756737948,0.00462249467038371,True,False,False,False,False,True,False,False,False,False,False,False,False,False,False,False,False,0.46059555960833476,4.356137346493348
s2_price_tilt,ips,comparative,1005,0.01016737614707381,0.0010778836861034483,-0.00431439504725974,True,False,False,False,False,True,False,False,False,False,False,False,False,False,False,False,False,0.45861763514305776,4.415119182803338
s2_price_tilt,ips,absolute,1005,0.06006737614707381,0.010077883686103448,0.004069378261404577,True,False,False,False,False,True,False,False,False,False,False,False,False,False,False,False,False,0.45861763514305776,4.415119182803338
s2_price_tilt,snips,comparative,1005,0.009575073480065893,0.0009785093207164992,-0.0043545217142110714,True,False,False,False,False,True,False,False,False,False,False,False,False,False,False,False,False,0.45861763514305776,4.415119182803338
s2_price_tilt,snips,absolute,1005,0.05947507348006589,0.009978509320716498,0.0040292515944532455,True,False,False,False,False,True,False,False,False,False,False,False,False,False,False,False,False,0.45861763514305776,4.415119182803338
s2_price_tilt,ips,comparative,1006,0.010093936534885668,0.0007747094708558042,-0.004883273454201535,True,False,False,False,False,True,False,False,False,False,False,False,False,False,False,False,False,0.45607661047507037,4.394347874370814
s2_price_tilt,ips,absolute,1006,0.060393936534885666,0.010574709470855804,0.003963506555189498,True,False,False,False,False,True,False,False,False,False,False,False,False,False,False,False,False,0.45607661047507037,4.394347874370814
s2_price_tilt,snips,comparative,1006,0.010367569914779877,0.000822621457719554,-0.004865315563771544,True,False,False,False,False,True,False,False,False,False,False,False,False,False,False,False,False,0.45607661047507037,4.394347874370814
s2_price_tilt,snips,absolute,1006,0.060667569914779874,0.010622621457719554,0.00398146444561949,True,False,False,False,False,True,False,False,False,False,False,False,False,False,False,False,False,0.45607661047507037,4.394347874370814
s2_price_tilt,ips,comparative,1007,0.010087464836908387,0.0017267884541946592,-0.003347621416567635,True,False,False,False,False,True,False,False,False,False,False,False,False,False,False,False,False,0.4528214954384397,4.416125822542085
s2_price_tilt,ips,absolute,1007,0.060887464836908385,0.00992678845419466,0.003273718101757573,True,False,False,False,False,True,False,False,False,False,False,False,False,False,False,False,False,0.4528214954384397,4.416125822542085
s2_price_tilt,snips,comparative,1007,0.011015003822632194,0.001878009782245704,-0.0032977507054814796,True,False,False,False,False,True,False,False,False,False,False,False,False,False,False,False,False,0.4528214954384397,4.416125822542085
s2_price_tilt,snips,absolute,1007,0.06181500382263219,0.010078009782245705,0.0033235888128437282,True,False,False,False,False,True,False,False,False,False,False,False,False,False,False,False,False,0.4528214954384397,4.416125822542085
s2_price_tilt,ips,comparative,1008,0.008713510840551476,0.0018646752176945287,-0.0038869929278229232,True,False,False,False,False,True,False,False,False,False,False,False,False,False,False,False,False,0.4567117435898616,4.336556586361502
s2_price_tilt,ips,absolute,1008,0.05821351084055148,0.01066467521769453,0.00401182241804114,True,False,False,False,False,True,False,False,False,False,False,False,False,False,False,False,False,0.4567117435898616,4.336556586361502
s2_price_tilt,snips,comparative,1008,0.009570867925974093,0.0020217424470988076,-0.0038279075999342483,True,False,False,False,False,True,False,False,False,False,False,False,False,False,False,False,False,0.4567117435898616,4.336556586361502
s2_price_tilt,snips,absolute,1008,0.059070867925974095,0.010821742447098808,0.004070907745929815,True,False,False,False,False,True,False,False,False,False,False,False,False,False,False,False,False,0.4567117435898616,4.336556586361502
s2_price_tilt,ips,comparative,1009,0.010897147497868138,0.0028840293909544613,-0.0028375506511375426,True,False,False,False,False,True,False,False,False,False,False,False,False,False,False,False,False,0.45681389169781844,4.443306838607022
s2_price_tilt,ips,absolute,1009,0.05629714749786814,0.011484029390954461,0.004184197640861158,True,False,False,False,False,True,False,False,False,False,False,False,False,False,False,False,False,0.45681389169781844,4.443306838607022
s2_price_tilt,snips,comparative,1009,0.010818791320608291,0.0028680455501630796,-0.0028433743517442206,True,False,False,False,False,True,False,False,False,False,False,False,False,False,False,False,False,0.45681389169781844,4.443306838607022
s2_price_tilt,snips,absolute,1009,0.056218791320608294,0.01146804555016308,0.00417837394025448,True,False,False,False,False,True,False,False,False,False,False,False,False,False,False,False,False,0.45681389169781844,4.443306838607022
s2_price_tilt,ips,comparative,1010,0.007225210989297667,0.0033741933630577203,-0.0018058078513136506,True,False,False,False,False,True,False,False,False,False,False,False,False,False,False,False,False,0.45338377430100835,4.466125059316643
s2_price_tilt,ips,absolute,1010,0.05672521098929767,0.01087419336305772,0.003583738973034716,True,False,False,False,False,True,False,False,False,False,False,False,False,False,False,False,False,0.45338377430100835,4.466125059316643
s2_price_tilt,snips,comparative,1010,0.007786545096463572,0.0034818008186519016,-0.001770344344318081,True,False,False,False,False,True,False,False,False,False,False,False,False,False,False,False,False,0.45338377430100835,4.466125059316643
s2_price_tilt,snips,absolute,1010,0.057286545096463574,0.010981800818651901,0.0036192024800302857,True,False,False,False,False,True,False,False,False,False,False,False,False,False,False,False,False,0.45338377430100835,4.466125059316643
s2_price_tilt,ips,comparative,1011,0.005666240253008777,0.002646433259687402,-0.003018507357322774,True,False,False,False,False,True,False,False,False,False,False,False,False,False,False,False,False,0.4584931720336702,4.376749748867375
s2_price_tilt,ips,absolute,1011,0.055066240253008776,0.010146433259687402,0.003331947396804054,True,False,False,False,False,True,False,False,False,False,False,False,False,False,False,False,False,0.4584931720336702,4.376749748867375
s2_price_tilt,snips,comparative,1011,0.006506221437185003,0.0028012070918117336,-0.002967681786026803,True,False,False,False,False,True,False,False,False,False,False,False,False,False,False,False,False,0.4584931720336702,4.376749748867375
s2_price_tilt,snips,absolute,1011,0.055906221437185,0.010301207091811733,0.003382772968100025,True,False,False,False,False,True,False,False,False,False,False,False,False,False,False,False,False,0.4584931720336702,4.376749748867375
s2_price_tilt,ips,comparative,1012,0.013012085614551527,0.0019547746861400487,-0.0031439047901906814,True,False,False,False,False,True,False,False,False,False,False,False,False,False,False,False,False,0.4590556191199589,4.498575955758535
s2_price_tilt,ips,absolute,1012,0.06131208561455153,0.01075477468614005,0.0044727366831103,True,False,False,False,False,True,False,False,False,False,False,False,False,False,False,False,False,0.4590556191199589,4.498575955758535
s2_price_tilt,snips,comparative,1012,0.012379778224908808,0.0018438614226320982,-0.0031900318209107962,True,False,False,False,False,True,False,False,False,False,False,False,False,False,False,False,False,0.4590556191199589,4.498575955758535
s2_price_tilt,snips,absolute,1012,0.06067977822490881,0.010643861422632099,0.004426609652390185,True,False,False,False,False,True,False,False,False,False,False,False,False,False,False,False,False,0.4590556191199589,4.498575955758535
s2_price_tilt,ips,comparative,1013,0.011724125568184945,0.0011228689717834531,-0.003961516802073704,True,False,False,False,False,True,False,False,False,False,False,False,False,False,False,False,False,0.46052189920005876,4.433460156495793
s2_price_tilt,ips,absolute,1013,0.06082412556818494,0.010322868971783453,0.00447835266645445,True,False,False,False,False,True,False,False,False,False,False,False,False,False,False,False,False,0.46052189920005876,4.433460156495793
s2_price_tilt,snips,comparative,1013,0.01114445845980238,0.0010244897916277442,-0.004004196474263499,True,False,False,False,False,True,False,False,False,False,False,False,False,False,False,False,False,0.46052189920005876,4.433460156495793
s2_price_tilt,snips,absolute,1013,0.06024445845980238,0.010224489791627744,0.004435672994264656,True,False,False,False,False,True,False,False,False,False,False,False,False,False,False,False,False,0.46052189920005876,4.433460156495793
s2_price_tilt,ips,comparative,1014,0.005324692545427764,7.081930985376045e-05,-0.005081950653728231,True,False,False,False,False,True,False,False,False,False,False,False,False,False,False,False,False,0.4517277328423791,4.461737358743037
s2_price_tilt,ips,absolute,1014,0.053524692545427764,0.009170819309853761,0.004173034901458775,True,False,False,False,False,True,False,False,False,False,False,False,False,False,False,False,False,0.4517277328423791,4.461737358743037
s2_price_tilt,snips,comparative,1014,0.006091086037032949,0.00020213171722151604,-0.0050221990393494115,True,False,False,False,False,True,False,False,False,False,False,False,False,False,False,False,False,0.4517277328423791,4.461737358743037
s2_price_tilt,snips,absolute,1014,0.05429108603703295,0.009302131717221516,0.0042327865158375945,True,False,False,False,False,True,False,False,False,False,False,False,False,False,False,False,False,0.4517277328423791,4.461737358743037
s2_price_tilt,ips,comparative,1015,0.004243480278845947,-0.0009344981547118082,-0.006411699348484467,True,False,False,False,False,True,False,False,False,False,False,False,False,False,False,False,False,0.4564065314706265,4.442961569191563
s2_price_tilt,ips,absolute,1015,0.054543480278845945,0.009765501845288191,0.004540923326580565,True,False,False,False,False,True,False,False,False,False,False,False,False,False,False,False,False,0.4564065314706265,4.442961569191563
s2_price_tilt,snips,comparative,1015,0.004174192655116482,-0.000946903458039109,-0.006417467770030506,True,False,False,False,False,True,False,False,False,False,False,False,False,False,False,False,False,0.4564065314706265,4.442961569191563
s2_price_tilt,snips,absolute,1015,0.05447419265511648,0.00975309654196089,0.004535154905034526,True,False,False,False,False,True,False,False,False,False,False,False,False,False,False,False,False,0.4564065314706265,4.442961569191563
s2_price_tilt,ips,comparative,1016,0.007669482994507738,0.0012221136864301284,-0.003796817984269144,True,False,False,False,False,True,False,False,False,False,False,False,False,False,False,False,False,0.4587085136477842,4.499415811877947
s2_price_tilt,ips,absolute,1016,0.056769482994507736,0.009022113686430128,0.003521498390796226,True,False,False,False,False,True,False,False,False,False,False,False,False,False,False,False,False,0.4587085136477842,4.499415811877947
s2_price_tilt,snips,comparative,1016,0.0077061573615619244,0.001227942175461334,-0.0037945430168438233,True,False,False,False,False,True,False,False,False,False,False,False,False,False,False,False,False,0.4587085136477842,4.499415811877947
s2_price_tilt,snips,absolute,1016,0.05680615736156192,0.009027942175461334,0.003523773358221547,True,False,False,False,False,True,False,False,False,False,False,False,False,False,False,False,False,0.4587085136477842,4.499415811877947
s2_price_tilt,ips,comparative,1017,0.009242860584256912,0.0002888844271194749,-0.0038808297003794954,True,False,False,False,False,True,False,False,False,False,False,False,False,False,False,False,False,0.453809401131849,4.440646185601148
s2_price_tilt,ips,absolute,1017,0.054842860584256914,0.009088884427119475,0.0040612829027390175,True,False,False,False,False,True,False,False,False,False,False,False,False,False,False,False,False,0.453809401131849,4.440646185601148
s2_price_tilt,snips,comparative,1017,0.009721112087964112,0.0003681431054229668,-0.0038454137021160344,True,False,False,False,False,True,False,False,False,False,False,False,False,False,False,False,False,0.453809401131849,4.440646185601148
s2_price_tilt,snips,absolute,1017,0.055321112087964114,0.009168143105422967,0.0040966989010024785,True,False,False,False,False,True,False,False,False,False,False,False,False,False,False,False,False,0.453809401131849,4.440646185601148
s2_price_tilt,ips,comparative,1018,0.011949646520623011,0.003062217645798686,-0.002572348327568326,True,False,False,False,False,True,False,False,False,False,False,False,False,False,False,False,False,0.46448055115742737,4.466402553535184
s2_price_tilt,ips,absolute,1018,0.06324964652062301,0.011762217645798686,0.0038908266268207143,True,False,False,False,False,True,False,False,False,False,False,False,False,False,False,False,False,0.46448055115742737,4.466402553535184
s2_price_tilt,snips,comparative,1018,0.010396110516791332,0.002773314393324469,-0.0026679146995868966,True,False,False,False,False,True,False,False,False,False,False,False,False,False,False,False,False,0.46448055115742737,4.466402553535184
s2_price_tilt,snips,absolute,1018,0.06169611051679133,0.011473314393324469,0.0037952602548021437,True,False,False,False,False,True,False,False,False,False,False,False,False,False,False,False,False,0.46448055115742737,4.466402553535184
s2_price_tilt,ips,comparative,1019,0.005938256081371912,0.0014587847940741236,-0.0033630793078330253,True,False,False,False,False,True,False,False,False,False,False,False,False,False,False,False,False,0.45773421013898996,4.325638596927143
s2_price_tilt,ips,absolute,1019,0.05313825608137191,0.010158784794074123,0.004460816580321902,True,False,False,False,False,True,False,False,False,False,False,False,False,False,False,False,False,0.45773421013898996,4.325638596927143
s2_price_tilt,snips,comparative,1019,0.00629113500152375,0.0015262469441811623,-0.003333456052311637,True,False,False,False,False,True,False,False,False,False,False,False,False,False,False,False,False,0.45773421013898996,4.325638596927143
s2_price_tilt,snips,absolute,1019,0.05349113500152375,0.010226246944181162,0.00449043983584329,True,False,False,False,False,True,False,False,False,False,False,False,False,False,False,False,False,0.45773421013898996,4.325638596927143
s2_price_tilt,ips,comparative,1020,0.01115856374828448,0.0009321479918482003,-0.00437637285530909,True,False,False,False,False,True,False,False,False,False,False,False,False,False,False,False,False,0.4598771657474783,4.331529217802345
s2_price_tilt,ips,absolute,1020,0.06375856374828448,0.0104321479918482,0.004322646143879006,True,False,False,False,False,True,False,False,False,False,False,False,False,False,False,False,False,0.4598771657474783,4.331529217802345
s2_price_tilt,snips,comparative,1020,0.010643036239674004,0.000847797608973742,-0.0044113241287718425,True,False,False,False,False,True,False,False,False,False,False,False,False,False,False,False,False,0.4598771657474783,4.331529217802345
s2_price_tilt,snips,absolute,1020,0.063243036239674,0.010347797608973742,0.004287694870416254,True,False,False,False,False,True,False,False,False,False,False,False,False,False,False,False,False,0.4598771657474783,4.331529217802345
s2_price_tilt,ips,comparative,1021,0.01173741765974036,0.0010546634378132778,-0.005602828352312941,True,False,False,False,False,True,False,False,False,False,False,False,False,False,False,False,False,0.45936679564087907,4.248459598519652
s2_price_tilt,ips,absolute,1021,0.06463741765974036,0.012154663437813278,0.0050347757321980565,True,False,False,False,False,True,False,False,False,False,False,False,False,False,False,False,False,0.45936679564087907,4.248459598519652
s2_price_tilt,snips,comparative,1021,0.011329800777078708,0.000978013624134088,-0.005634578686146858,True,False,False,False,False,True,False,False,False,False,False,False,False,False,False,False,False,0.45936679564087907,4.248459598519652
s2_price_tilt,snips,absolute,1021,0.06422980077707871,0.012078013624134088,0.005003025398364139,True,False,False,False,False,True,False,False,False,False,False,False,False,False,False,False,False,0.45936679564087907,4.248459598519652
s2_price_tilt,ips,comparative,1022,0.008407560907914113,0.00160911872524812,-0.002938490984763852,True,False,False,False,False,True,False,False,False,False,False,False,False,False,False,False,False,0.4541138006088102,4.391544305087588
s2_price_tilt,ips,absolute,1022,0.05800756090791411,0.00880911872524812,0.003303946279283407,True,False,False,False,False,True,False,False,False,False,False,False,False,False,False,False,False,0.4541138006088102,4.391544305087588
s2_price_tilt,snips,comparative,1022,0.00961260968771517,0.0017921193135306494,-0.0028698548213040723,True,False,False,False,False,True,False,False,False,False,False,False,False,False,False,False,False,0.4541138006088102,4.391544305087588
s2_price_tilt,snips,absolute,1022,0.05921260968771517,0.00899211931353065,0.0033725824427431866,True,False,False,False,False,True,False,False,False,False,False,False,False,False,False,False,False,0.4541138006088102,4.391544305087588
s2_price_tilt,ips,comparative,1023,0.009100575977222802,0.001043930083610877,-0.004034789283313008,True,False,False,False,False,True,False,False,False,False,False,False,False,False,False,False,False,0.4605176195811105,4.43070925267992
s2_price_tilt,ips,absolute,1023,0.0565005759772228,0.008943930083610878,0.003945004228883198,True,False,False,False,False,True,False,False,False,False,False,False,False,False,False,False,False,0.4605176195811105,4.43070925267992
s2_price_tilt,snips,comparative,1023,0.008600304771737365,0.000964738135434821,-0.004069719405477146,True,False,False,False,False,True,False,False,False,False,False,False,False,False,False,False,False,0.4605176195811105,4.43070925267992
s2_price_tilt,snips,absolute,1023,0.05600030477173736,0.008864738135434822,0.00391007410671906,True,False,False,False,False,True,False,False,False,False,False,False,False,False,False,False,False,0.4605176195811105,4.43070925267992
s2_price_tilt,ips,comparative,1024,0.0051500880993066225,0.00020289442075817343,-0.0042297030012402115,True,False,False,False,False,True,False,False,False,False,False,False,False,False,False,False,False,0.4566731790369257,4.328511497947848
s2_price_tilt,ips,absolute,1024,0.05375008809930662,0.009102894420758173,0.0039047253667130336,True,False,False,False,False,True,False,False,False,False,False,False,False,False,False,False,False,0.4566731790369257,4.328511497947848
s2_price_tilt,snips,comparative,1024,0.00535847631678938,0.00023818619439714556,-0.0042145644444916966,True,False,False,False,False,True,False,False,False,False,False,False,False,False,False,False,False,0.4566731790369257,4.328511497947848
s2_price_tilt,snips,absolute,1024,0.05395847631678938,0.009138186194397145,0.0039198639234615485,True,False,False,False,False,True,False,False,False,False,False,False,False,False,False,False,False,0.4566731790369257,4.328511497947848
s2_price_tilt,ips,comparative,1025,0.009110455185112956,0.0010577884940807056,-0.0038214588186538155,True,False,False,False,False,True,False,False,False,False,False,False,False,False,False,False,False,0.4635870701974782,4.375052002171135
s2_price_tilt,ips,absolute,1025,0.05621045518511296,0.011557788494080706,0.0054433282993477635,True,False,False,False,False,True,False,False,False,False,False,False,False,False,False,False,False,0.4635870701974782,4.375052002171135
s2_price_tilt,snips,comparative,1025,0.008674281322928044,0.0009681040176042609,-0.003863697180176562,True,False,False,False,False,True,False,False,False,False,False,False,False,False,False,False,False,0.4635870701974782,4.375052002171135
s2_price_tilt,snips,absolute,1025,0.05577428132292805,0.011468104017604262,0.005401089937825017,True,False,False,False,False,True,False,False,False,False,False,False,False,False,False,False,False,0.4635870701974782,4.375052002171135
s2_price_tilt,ips,comparative,1026,0.0167883928116938,0.0029068560106515727,-0.002276337568177739,True,False,False,False,False,True,False,False,False,False,False,False,False,False,False,False,False,0.45632582418803325,4.378049543846937
s2_price_tilt,ips,absolute,1026,0.0644883928116938,0.010406856010651572,0.0032980516543127366,True,False,False,False,False,True,False,False,False,False,False,False,False,False,False,False,False,0.45632582418803325,4.378049543846937
s2_price_tilt,snips,comparative,1026,0.017062262673308105,0.0029510519363245766,-0.0022623313740274074,True,False,False,False,False,True,False,False,False,False,False,False,False,False,False,False,False,0.45632582418803325,4.378049543846937
s2_price_tilt,snips,absolute,1026,0.0647622626733081,0.010451051936324576,0.0033120578484630682,True,False,False,False,False,True,False,False,False,False,False,False,False,False,False,False,False,0.45632582418803325,4.378049543846937
s2_price_tilt,ips,comparative,1027,0.0037330378717042798,0.0008575031407094431,-0.004172302510992642,True,False,False,False,False,True,False,False,False,False,False,False,False,False,False,False,False,0.45866076128714894,4.462645660930971
s2_price_tilt,ips,absolute,1027,0.05283303787170428,0.009557503140709443,0.004572426980625862,True,False,False,False,False,True,False,False,False,False,False,False,False,False,False,False,False,0.45866076128714894,4.462645660930971
s2_price_tilt,snips,comparative,1027,0.0038763830316122447,0.0008834342980158384,-0.004159896726598852,True,False,False,False,False,True,False,False,False,False,False,False,False,False,False,False,False,0.45866076128714894,4.462645660930971
s2_price_tilt,snips,absolute,1027,0.05297638303161224,0.009583434298015838,0.004584832765019652,True,False,False,False,False,True,False,False,False,False,False,False,False,False,False,False,False,0.45866076128714894,4.462645660930971
s2_price_tilt,ips,comparative,1028,0.0066268985152871385,0.0016144614995980116,-0.003612663647600785,True,False,False,False,False,True,False,False,False,False,False,False,False,False,False,False,False,0.46135044446480394,4.388867767169629
s2_price_tilt,ips,absolute,1028,0.05492689851528714,0.010814461499598011,0.0043084425989270035,True,False,False,False,False,True,False,False,False,False,False,False,False,False,False,False,False,0.46135044446480394,4.388867767169629
s2_price_tilt,snips,comparative,1028,0.005873551036411087,0.0014661362249812973,-0.003671755903990986,True,False,False,False,False,True,False,False,False,False,False,False,False,False,False,False,False,0.46135044446480394,4.388867767169629
s2_price_tilt,snips,absolute,1028,0.05417355103641109,0.010666136224981297,0.004249350342536803,True,False,False,False,False,True,False,False,False,False,False,False,False,False,False,False,False,0.46135044446480394,4.388867767169629
s2_price_tilt,ips,comparative,1029,0.0119661308257017,0.0022989196693613857,-0.0033641968003135566,True,False,False,False,False,True,False,False,False,False,False,False,False,False,False,False,False,0.45721804865458004,4.438940731902781
s2_price_tilt,ips,absolute,1029,0.0660661308257017,0.011598919669361385,0.003810903465481283,True,False,False,False,False,True,False,False,False,False,False,False,False,False,False,False,False,0.45721804865458004,4.438940731902781
s2_price_tilt,snips,comparative,1029,0.012019262130992574,0.0023082476825853314,-0.0033611320185119296,True,False,False,False,False,True,False,False,False,False,False,False,False,False,False,False,False,0.45721804865458004,4.438940731902781
s2_price_tilt,snips,absolute,1029,0.06611926213099258,0.01160824768258533,0.00381396824728291,True,False,False,False,False,True,False,False,False,False,False,False,False,False,False,False,False,0.45721804865458004,4.438940731902781
s2_price_tilt,ips,comparative,1030,0.005094452798649576,0.0033728289399932634,-0.002817109973534423,True,False,False,False,False,True,False,False,False,False,False,False,False,False,False,False,False,0.45643092568887567,4.379833849891985
s2_price_tilt,ips,absolute,1030,0.05439445279864957,0.013672828939993264,0.005420388531558719,True,False,False,False,False,True,False,False,False,False,False,False,False,False,False,False,False,0.45643092568887567,4.379833849891985
s2_price_tilt,snips,comparative,1030,0.005617884858971231,0.0035044011252853627,-0.002764950148573594,True,False,False,False,False,True,False,False,False,False,False,False,False,False,False,False,False,0.45643092568887567,4.379833849891985
s2_price_tilt,snips,absolute,1030,0.05491788485897123,0.013804401125285363,0.005472548356519548,True,False,False,False,False,True,False,False,False,False,False,False,False,False,False,False,False,0.45643092568887567,4.379833849891985
s2_price_tilt,ips,comparative,1031,0.011503459569985601,0.0006911769109875249,-0.0028567145339769145,True,False,False,False,False,True,False,False,False,False,False,False,False,False,False,False,False,0.46474019973221964,4.477414723218424
s2_price_tilt,ips,absolute,1031,0.0614034595699856,0.009091176910987524,0.00391766581503047,True,False,False,False,False,True,False,False,False,False,False,False,False,False,False,False,False,0.46474019973221964,4.477414723218424
s2_price_tilt,snips,comparative,1031,0.010729912515919336,0.0005766482970179128,-0.002906068411938447,True,False,False,False,False,True,False,False,False,False,False,False,False,False,False,False,False,0.46474019973221964,4.477414723218424
s2_price_tilt,snips,absolute,1031,0.060629912515919336,0.008976648297017912,0.0038683119370689378,True,False,False,False,False,True,False,False,False,False,False,False,False,False,False,False,False,0.46474019973221964,4.477414723218424
s2_price_tilt,ips,comparative,1032,0.009786446923039677,0.0033054907409623864,-0.002705636431954243,True,False,False,False,False,True,False,False,False,False,False,False,False,False,False,False,False,0.45617694771555906,4.338459662072536
s2_price_tilt,ips,absolute,1032,0.056186446923039673,0.012205490740962386,0.004319511821356873,True,False,False,False,False,True,False,False,False,False,False,False,False,False,False,False,False,0.45617694771555906,4.338459662072536
s2_price_tilt,snips,comparative,1032,0.009979736009650637,0.003347479303794818,-0.0026907767186198344,True,False,False,False,False,True,False,False,False,False,False,False,False,False,False,False,False,0.45617694771555906,4.338459662072536
s2_price_tilt,snips,absolute,1032,0.056379736009650634,0.012247479303794818,0.004334371534691282,True,False,False,False,False,True,False,False,False,False,False,False,False,False,False,False,False,0.45617694771555906,4.338459662072536
s2_price_tilt,ips,comparative,1033,0.008819917817859062,0.0024161775939585926,-0.0025390199108805073,True,False,False,False,False,True,False,False,False,False,False,False,False,False,False,False,False,0.4537838437408129,4.38116219874493
s2_price_tilt,ips,absolute,1033,0.05791991781785906,0.011216177593958593,0.0040537545952664435,True,False,False,False,False,True,False,False,False,False,False,False,False,False,False,False,False,0.4537838437408129,4.38116219874493
s2_price_tilt,snips,comparative,1033,0.009474836497259519,0.0025430024323648964,-0.0024931828360681045,True,False,False,False,False,True,False,False,False,False,False,False,False,False,False,False,False,0.4537838437408129,4.38116219874493
s2_price_tilt,snips,absolute,1033,0.058574836497259516,0.011343002432364897,0.004099591670078846,True,False,False,False,False,True,False,False,False,False,False,False,False,False,False,False,False,0.4537838437408129,4.38116219874493
s2_price_tilt,ips,comparative,1034,0.009455053141400327,0.002093882110535175,-0.0027447077055630996,True,False,False,False,False,True,False,False,False,False,False,False,False,False,False,False,False,0.4564054164671235,4.288794374960268
s2_price_tilt,ips,absolute,1034,0.05705505314140033,0.009993882110535176,0.0036515144939287324,True,False,False,False,False,True,False,False,False,False,False,False,False,False,False,False,False,0.4564054164671235,4.288794374960268
s2_price_tilt,snips,comparative,1034,0.009938089625280914,0.0021784917885425917,-0.0027137934460037395,True,False,False,False,False,True,False,False,False,False,False,False,False,False,False,False,False,0.4564054164671235,4.288794374960268
s2_price_tilt,snips,absolute,1034,0.05753808962528092,0.010078491788542593,0.0036824287534880924,True,False,False,False,False,True,False,False,False,False,False,False,False,False,False,False,False,0.4564054164671235,4.288794374960268
s2_price_tilt,ips,comparative,1035,0.002428798985938563,0.0003429909452693034,-0.003505213324545917,True,False,False,False,False,True,False,False,False,False,False,False,False,False,False,False,False,0.458778529421249,4.257952160049143
s2_price_tilt,ips,absolute,1035,0.050228798985938565,0.009442990945269304,0.0046673058729714565,True,False,False,False,False,True,False,False,False,False,False,False,False,False,False,False,False,0.458778529421249,4.257952160049143
s2_price_tilt,snips,comparative,1035,0.0028987695647405415,0.0004313451964114111,-0.00346154322916537,True,False,False,False,False,True,False,False,False,False,False,False,False,False,False,False,False,0.458778529421249,4.257952160049143
s2_price_tilt,snips,absolute,1035,0.050698769564740544,0.009531345196411412,0.004710975968352004,True,False,False,False,False,True,False,False,False,False,False,False,False,False,False,False,False,0.458778529421249,4.257952160049143
s2_price_tilt,ips,comparative,1036,0.009838257655209126,0.0021667350914088244,-0.0036522394259744925,True,False,False,False,False,True,False,False,False,False,False,False,False,False,False,False,False,0.45567343456451836,4.34575619579868
s2_price_tilt,ips,absolute,1036,0.060938257655209126,0.010966735091408825,0.004742060125530945,True,False,False,False,False,True,False,False,False,False,False,False,False,False,False,False,False,0.45567343456451836,4.34575619579868
s2_price_tilt,snips,comparative,1036,0.009922456406271776,0.00218188789415478,-0.0036456872934489317,True,False,False,False,False,True,False,False,False,False,False,False,False,False,False,False,False,0.45567343456451836,4.34575619579868
s2_price_tilt,snips,absolute,1036,0.061022456406271776,0.01098188789415478,0.004748612258056506,True,False,False,False,False,True,False,False,False,False,False,False,False,False,False,False,False,0.45567343456451836,4.34575619579868
s2_price_tilt,ips,comparative,1037,0.01214937913838205,0.0019336335179462438,-0.0033175712698290363,True,False,False,False,False,True,False,False,False,False,False,False,False,False,False,False,False,0.45924687264991787,4.39283667516249
s2_price_tilt,ips,absolute,1037,0.05934937913838205,0.010633633517946243,0.003698475115752288,True,False,False,False,False,True,False,False,False,False,False,False,False,False,False,False,False,0.45924687264991787,4.39283667516249
s2_price_tilt,snips,comparative,1037,0.012053673263545735,0.0019164858878733,-0.0033235353725989763,True,False,False,False,False,True,False,False,False,False,False,False,False,False,False,False,False,0.45924687264991787,4.39283667516249
s2_price_tilt,snips,absolute,1037,0.059253673263545734,0.0106164858878733,0.003692511012982348,True,False,False,False,False,True,False,False,False,False,False,False,False,False,False,False,False,0.45924687264991787,4.39283667516249
s2_price_tilt,ips,comparative,1038,0.00657256527072634,0.0029586770501579783,-0.003514490095521609,True,False,False,False,False,True,False,False,False,False,False,False,False,False,False,False,False,0.45865251341113233,4.36712163552076
s2_price_tilt,ips,absolute,1038,0.05837256527072634,0.013458677050157979,0.004612949434262333,True,False,False,False,False,True,False,False,False,False,False,False,False,False,False,False,False,0.45865251341113233,4.36712163552076
s2_price_tilt,snips,comparative,1038,0.0068967606858621675,0.0030334252023630198,-0.003488870233692593,True,False,False,False,False,True,False,False,False,False,False,False,False,False,False,False,False,0.45865251341113233,4.36712163552076
s2_price_tilt,snips,absolute,1038,0.058696760685862166,0.01353342520236302,0.00463856929609135,True,False,False,False,False,True,False,False,False,False,False,False,False,False,False,False,False,0.45865251341113233,4.36712163552076
s2_price_tilt,ips,comparative,1039,0.01154260414014225,0.002498207900188199,-0.004145656978668006,True,False,False,False,False,True,False,False,False,False,False,False,False,False,False,False,False,0.4596613157086781,4.439129372227425
s2_price_tilt,ips,absolute,1039,0.06264260414014225,0.0115982079001882,0.0035850833898543547,True,False,False,False,False,True,False,False,False,False,False,False,False,False,False,False,False,0.4596613157086781,4.439129372227425
s2_price_tilt,snips,comparative,1039,0.011472110959652802,0.002485156166881693,-0.00414969135645194,True,False,False,False,False,True,False,False,False,False,False,False,False,False,False,False,False,0.4596613157086781,4.439129372227425
s2_price_tilt,snips,absolute,1039,0.0625721109596528,0.011585156166881693,0.0035810490120704213,True,False,False,False,False,True,False,False,False,False,False,False,False,False,False,False,False,0.4596613157086781,4.439129372227425
