regime,beta_cand,runs,truly_better_share,proto_go,proto_no_go,proto_ab,proto_false_go,proto_false_stop,naive_false_go,naive_false_stop,proto_regret_go,naive_regret_go,fragile_share
healthy,-2.0,40,0.0,0.0,0.9,0.1,0.0,0.0,0.0,0.0,,,0.0
healthy,2.0,40,1.0,0.95,0.0,0.05,0.0,0.0,0.0,0.0,0.0,0.0,1.0
healthy,8.0,40,1.0,0.95,0.0,0.05,0.0,0.0,0.0,0.0,0.0,0.0,0.0
low_overlap,-2.0,40,0.0,0.0,0.0,1.0,0.0,0.0,0.0,0.0,,,0.0
low_overlap,2.0,40,0.0,0.0,0.0,1.0,0.0,0.0,0.0,0.0,,,0.05
low_overlap,8.0,40,0.0,0.0,0.2,0.8,0.0,0.0,0.0,0.0,,,1.0
noised,-2.0,40,0.0,0.0,0.0,1.0,0.0,0.0,0.9,0.0,,0.20787384343961055,0.025
noised,2.0,40,1.0,0.0,0.0,1.0,0.0,0.0,0.0,0.0,,0.0,1.0
noised,8.0,40,1.0,0.0,0.0,1.0,0.0,0.0,0.0,0.0,,0.0,0.0
